day,# job completati, # job B completati, # job P completati,#job B nel nodo, # job P nel nodo, # coda B, #coda P,last arrival B [H], last arrival P [H], area B, area P, revenue B, revenue P, revenue, costs, daily revenue, incremental grass revenue, incremental revenue, incremental costs
1,135,116,19,0,1,0,0,21.62,21.70,225.81,64.88,464.00,133.00,597.00,676.51,-79.51,597.00,-79.51,676.51
2,163,146,17,0,1,0,0,21.15,21.16,500.85,106.39,584.00,119.00,703.00,752.83,-49.83,1300.00,-129.33,1429.33
3,184,169,15,0,0,0,0,20.12,20.11,830.37,154.47,676.00,105.00,781.00,808.99,-27.99,2081.00,-157.32,2238.32
4,224,192,32,2,0,0,0,21.51,21.20,1254.41,247.09,768.00,224.00,992.00,960.91,31.09,3073.00,-126.23,3199.23
5,243,226,17,1,3,0,1,20.53,20.49,1728.67,316.32,904.00,119.00,1023.00,983.23,39.77,4096.00,-86.45,4182.45
6,405,359,46,0,1,0,0,20.09,20.18,2605.05,594.91,1436.00,322.00,1758.00,1512.43,245.57,5854.00,159.12,5694.88
7,290,248,42,0,1,0,0,20.23,20.27,3200.47,763.71,992.00,294.00,1286.00,1172.59,113.41,7140.00,272.53,6867.47
8,210,181,29,1,0,0,0,21.41,21.32,3549.04,866.46,724.00,203.00,927.00,914.11,12.89,8067.00,285.43,7781.57
9,168,158,10,0,0,0,0,20.40,20.27,3889.64,899.36,632.00,70.00,702.00,752.11,-50.11,8769.00,235.32,8533.68
10,221,196,25,0,0,0,0,20.98,20.92,4325.82,974.20,784.00,175.00,959.00,937.15,21.85,9728.00,257.17,9470.83
11,202,180,22,0,0,0,0,21.61,21.46,4698.99,1050.00,720.00,154.00,874.00,875.95,-1.95,10602.00,255.23,10346.77
12,224,217,7,0,1,0,0,20.01,20.25,5128.12,1066.42,868.00,49.00,917.00,906.91,10.09,11519.00,265.32,11253.68
13,408,339,69,0,4,0,2,20.39,20.41,5871.88,1490.01,1356.00,483.00,1839.00,1570.75,268.25,13358.00,533.57,12824.43
14,321,255,66,0,1,0,0,21.08,21.11,6481.23,1782.70,1020.00,462.00,1482.00,1313.71,168.29,14840.00,701.87,14138.13
15,203,186,17,0,1,0,0,21.35,21.48,6870.64,1823.88,744.00,119.00,863.00,868.03,-5.03,15703.00,696.84,15006.16
16,164,157,7,0,0,0,0,20.52,20.56,7166.16,1841.53,628.00,49.00,677.00,734.11,-57.11,16380.00,639.73,15740.27
17,202,184,18,0,0,0,0,21.15,21.15,7510.33,1896.96,736.00,126.00,862.00,867.31,-5.31,17242.00,634.43,16607.57
18,186,172,14,0,0,0,0,20.63,20.55,7873.91,1934.05,688.00,98.00,786.00,812.59,-26.59,18028.00,607.84,17420.16
19,299,254,45,0,2,0,0,21.13,21.23,8401.03,2215.95,1016.00,315.00,1331.00,1204.99,126.01,19359.00,733.85,18625.15
20,426,361,65,0,2,0,0,21.51,21.66,9199.31,2441.36,1444.00,455.00,1899.00,1613.95,285.05,21258.00,1018.91,20239.09
21,288,261,27,1,0,0,0,21.96,21.93,9823.59,2528.22,1044.00,189.00,1233.00,1134.43,98.57,22491.00,1117.48,21373.52
22,186,161,25,1,0,0,0,21.71,21.77,10178.57,2598.24,644.00,175.00,819.00,836.35,-17.35,23310.00,1100.13,22209.87
23,208,190,18,1,0,0,0,21.52,21.51,10562.33,2664.76,760.00,126.00,886.00,884.59,1.41,24196.00,1101.55,23094.45
24,195,186,9,1,0,0,0,20.99,20.69,10908.97,2679.04,744.00,63.00,807.00,827.71,-20.71,25003.00,1080.84,23922.16
25,172,166,6,0,0,0,0,20.03,21.88,11229.69,2694.28,664.00,42.00,706.00,754.99,-48.99,25709.00,1031.85,24677.15
26,357,283,74,1,3,0,1,21.76,21.76,11851.02,2927.84,1132.00,518.00,1650.00,1434.67,215.33,27359.00,1247.19,26111.81
27,320,299,21,0,2,0,0,20.39,20.44,12506.42,3013.75,1196.00,147.00,1343.00,1213.63,129.37,28702.00,1376.56,27325.44
28,343,280,63,1,1,0,0,21.38,21.48,13159.63,3399.75,1120.00,441.00,1561.00,1370.59,190.41,30263.00,1566.97,28696.03
29,192,183,9,1,1,0,0,20.01,20.02,13581.80,3442.29,732.00,63.00,795.00,819.07,-24.07,31058.00,1542.91,29515.09
30,195,169,26,0,0,0,0,19.87,21.99,13926.81,3528.77,676.00,182.00,858.00,864.43,-6.43,31916.00,1536.48,30379.52
31,199,170,29,0,0,0,0,20.72,20.76,14266.02,3611.91,680.00,203.00,883.00,882.43,0.57,32799.00,1537.05,31261.95
32,184,165,19,1,0,0,0,20.37,20.37,14577.83,3664.13,660.00,133.00,793.00,817.63,-24.63,33592.00,1512.43,32079.57
33,301,268,33,0,1,0,0,20.53,20.54,15136.51,3779.26,1072.00,231.00,1303.00,1184.83,118.17,34895.00,1630.60,33264.40
34,430,344,86,2,2,0,0,21.40,21.39,16021.08,4237.89,1376.00,602.00,1978.00,1670.83,307.17,36873.00,1937.77,34935.23
35,300,263,37,1,1,0,0,21.74,21.72,16674.48,4386.51,1052.00,259.00,1311.00,1190.59,120.41,38184.00,2058.19,36125.81
36,158,150,8,0,0,0,0,19.93,21.97,17001.53,4415.89,600.00,56.00,656.00,718.99,-62.99,38840.00,1995.20,36844.80
37,193,169,24,0,0,0,0,20.31,20.29,17322.58,4490.57,676.00,168.00,844.00,854.35,-10.35,39684.00,1984.85,37699.15
38,219,196,23,1,0,0,0,21.26,20.69,17688.01,4575.28,784.00,161.00,945.00,927.07,17.93,40629.00,2002.79,38626.21
39,213,180,33,1,0,0,0,21.50,21.43,18072.35,4691.50,720.00,231.00,951.00,931.39,19.61,41580.00,2022.40,39557.60
40,318,257,61,1,0,0,0,21.92,21.93,18570.70,4871.22,1028.00,427.00,1455.00,1294.27,160.73,43035.00,2183.13,40851.87
41,388,334,54,0,5,0,3,21.84,21.90,19323.54,5055.75,1336.00,378.00,1714.00,1480.75,233.25,44749.00,2416.39,42332.61
42,268,247,21,0,0,0,0,21.34,21.36,19878.26,5116.80,988.00,147.00,1135.00,1063.87,71.13,45884.00,2487.52,43396.48
43,183,169,14,0,0,0,0,20.75,20.66,20181.64,5133.03,676.00,98.00,774.00,803.95,-29.95,46658.00,2457.57,44200.43
44,219,190,29,1,3,0,1,20.93,20.96,20552.48,5264.15,760.00,203.00,963.00,940.03,22.97,47621.00,2480.55,45140.45
45,201,189,12,1,1,0,0,20.21,20.23,20961.40,5303.25,756.00,84.00,840.00,851.47,-11.47,48461.00,2469.08,45991.92
46,200,179,21,0,2,0,0,20.15,20.13,21270.10,5368.46,716.00,147.00,863.00,868.03,-5.03,49324.00,2464.05,46859.95
47,305,259,46,1,0,0,0,20.67,20.68,21887.95,5473.45,1036.00,322.00,1358.00,1224.43,133.57,50682.00,2597.63,48084.37
48,399,310,89,0,1,0,0,20.98,21.27,22522.44,5943.56,1240.00,623.00,1863.00,1588.03,274.97,52545.00,2872.60,49672.40
49,253,229,24,1,0,0,0,21.45,21.38,23007.28,6022.82,916.00,168.00,1084.00,1027.15,56.85,53629.00,2929.45,50699.55
50,152,150,2,0,1,0,0,20.09,20.09,23260.23,6033.89,600.00,14.00,614.00,688.75,-74.75,54243.00,2854.71,51388.29
51,188,164,24,2,0,0,0,20.74,20.67,23620.42,6115.58,656.00,168.00,824.00,839.95,-15.95,55067.00,2838.76,52228.24
52,203,173,30,1,2,0,0,21.94,21.93,23997.89,6214.89,692.00,210.00,902.00,896.11,5.89,55969.00,2844.65,53124.35
53,165,157,8,1,0,0,0,20.39,20.30,24299.46,6230.96,628.00,56.00,684.00,739.15,-55.15,56653.00,2789.51,53863.49
54,259,240,19,1,0,0,0,19.97,21.94,24809.57,6287.11,960.00,133.00,1093.00,1033.63,59.37,57746.00,2848.88,54897.12
55,394,320,74,1,3,0,1,20.22,20.25,25525.19,6610.08,1280.00,518.00,1798.00,1541.23,256.77,59544.00,3105.65,56438.35
56,314,251,63,1,0,0,0,20.43,20.43,26068.69,7135.30,1004.00,441.00,1445.00,1287.07,157.93,60989.00,3263.59,57725.41
57,205,176,29,0,1,0,0,21.61,21.66,26436.42,7206.85,704.00,203.00,907.00,899.71,7.29,61896.00,3270.88,58625.12
58,152,148,4,1,1,0,0,20.02,20.08,26775.09,7215.34,592.00,28.00,620.00,693.07,-73.07,62516.00,3197.81,59318.19
59,237,206,31,0,1,0,0,20.78,20.79,27290.91,7312.43,824.00,217.00,1041.00,996.19,44.81,63557.00,3242.63,60314.37
60,168,156,12,0,0,0,0,19.92,21.71,27603.41,7347.23,624.00,84.00,708.00,756.43,-48.43,64265.00,3194.20,61070.80
61,270,234,36,0,2,0,0,20.58,20.63,28098.47,7505.45,936.00,252.00,1188.00,1102.03,85.97,65453.00,3280.17,62172.83
62,448,363,85,0,1,0,0,21.69,21.78,29132.76,7848.18,1452.00,595.00,2047.00,1720.51,326.49,67500.00,3606.67,63893.33
63,253,238,15,2,0,0,0,21.03,20.98,29679.13,7896.98,952.00,105.00,1057.00,1007.71,49.29,68557.00,3655.96,64901.04
64,198,178,20,1,0,0,0,21.30,21.23,29998.48,7966.43,712.00,140.00,852.00,860.11,-8.11,69409.00,3647.85,65761.15
65,179,172,7,0,0,0,0,19.99,21.99,30346.45,7984.00,688.00,49.00,737.00,777.31,-40.31,70146.00,3607.55,66538.45
66,218,185,33,1,2,0,0,21.93,21.96,30673.62,8084.52,740.00,231.00,971.00,945.79,25.21,71117.00,3632.76,67484.24
67,194,178,16,0,0,0,0,20.70,20.82,31049.05,8143.30,712.00,112.00,824.00,839.95,-15.95,71941.00,3616.81,68324.19
68,278,239,39,0,2,0,0,20.78,20.90,31577.76,8285.43,956.00,273.00,1229.00,1131.55,97.45,73170.00,3714.27,69455.73
69,379,335,44,3,5,1,3,20.65,20.67,32402.79,8570.79,1340.00,308.00,1648.00,1433.23,214.77,74818.00,3929.04,70888.96
70,282,234,48,0,0,0,0,21.41,21.39,32855.98,8766.00,936.00,336.00,1272.00,1162.51,109.49,76090.00,4038.53,72051.47
71,192,175,17,1,0,0,0,21.08,20.98,33243.67,8809.80,700.00,119.00,819.00,836.35,-17.35,76909.00,4021.19,72887.81
72,168,151,17,0,0,0,0,20.75,20.87,33563.31,8882.02,604.00,119.00,723.00,767.23,-44.23,77632.00,3976.96,73655.04
73,142,136,6,1,0,0,0,20.02,20.01,33837.99,8900.46,544.00,42.00,586.00,668.59,-82.59,78218.00,3894.37,74323.63
74,201,183,18,1,0,0,0,20.24,21.95,34264.97,8950.63,732.00,126.00,858.00,864.43,-6.43,79076.00,3887.95,75188.05
75,360,285,75,0,0,0,0,21.85,21.83,34795.94,9402.99,1140.00,525.00,1665.00,1445.47,219.53,80741.00,4107.48,76633.52
76,308,292,16,0,1,0,0,20.40,20.38,35450.49,9481.30,1168.00,112.00,1280.00,1168.27,111.73,82021.00,4219.21,77801.79
77,281,235,46,0,2,0,0,20.56,20.58,35984.35,9706.24,940.00,322.00,1262.00,1155.31,106.69,83283.00,4325.91,78957.09
78,216,185,31,0,0,0,0,21.22,20.87,36390.95,9788.46,740.00,217.00,957.00,935.71,21.29,84240.00,4347.20,79892.80
79,186,167,19,0,0,0,0,21.44,21.37,36782.40,9850.51,668.00,133.00,801.00,823.39,-22.39,85041.00,4324.81,80716.19
80,213,192,21,1,0,0,0,21.70,21.65,37143.31,9905.85,768.00,147.00,915.00,905.47,9.53,85956.00,4334.35,81621.65
81,180,175,5,0,2,0,0,20.43,20.50,37526.53,9921.27,700.00,35.00,735.00,775.87,-40.87,86691.00,4293.48,82397.52
82,269,255,14,1,4,0,2,20.09,20.05,38064.95,9984.17,1020.00,98.00,1118.00,1051.63,66.37,87809.00,4359.85,83449.15
83,419,342,77,0,1,0,0,20.77,20.75,38821.58,10734.00,1368.00,539.00,1907.00,1619.71,287.29,89716.00,4647.15,85068.85
84,296,244,52,1,0,0,0,21.01,20.98,39390.64,10985.50,976.00,364.00,1340.00,1211.47,128.53,91056.00,4775.68,86280.32
85,228,197,31,0,2,0,0,21.82,21.94,39779.90,11083.96,788.00,217.00,1005.00,970.27,34.73,92061.00,4810.41,87250.59
86,206,189,17,1,0,0,0,21.89,21.53,40231.94,11131.08,756.00,119.00,875.00,876.67,-1.67,92936.00,4808.75,88127.25
87,164,147,17,0,0,0,0,21.18,21.19,40522.28,11164.45,588.00,119.00,707.00,755.71,-48.71,93643.00,4760.04,88882.96
88,168,156,12,0,1,0,0,20.64,20.71,40880.58,11197.56,624.00,84.00,708.00,756.43,-48.43,94351.00,4711.61,89639.39
89,275,244,31,0,4,0,2,20.76,20.75,41354.18,11276.59,976.00,217.00,1193.00,1105.63,87.37,95544.00,4798.99,90745.01
90,325,291,34,1,0,0,0,20.19,20.14,41922.86,11409.23,1164.00,238.00,1402.00,1256.11,145.89,96946.00,4944.88,92001.12
91,330,266,64,0,0,0,0,20.67,20.98,42554.73,11751.19,1064.00,448.00,1512.00,1335.31,176.69,98458.00,5121.57,93336.43
92,196,181,15,0,0,0,0,21.33,21.23,42948.47,11802.53,724.00,105.00,829.00,843.55,-14.55,99287.00,5107.03,94179.97
93,209,187,22,0,1,0,0,21.89,21.91,43349.84,11874.44,748.00,154.00,902.00,896.11,5.89,100189.00,5112.92,95076.08
94,157,156,1,1,0,0,0,20.00,21.91,43712.50,11879.22,624.00,7.00,631.00,700.99,-69.99,100820.00,5042.93,95777.07
95,210,177,33,0,0,0,0,21.09,21.05,44101.01,11987.26,708.00,231.00,939.00,922.75,16.25,101759.00,5059.19,96699.81
96,253,232,21,3,4,1,2,20.51,20.50,44555.27,12058.66,928.00,147.00,1075.00,1020.67,54.33,102834.00,5113.52,97720.48
97,454,364,90,2,8,0,6,21.61,21.58,45462.63,12827.75,1456.00,630.00,2086.00,1748.59,337.41,104920.00,5450.93,99469.07
98,276,245,31,1,0,0,0,20.85,20.77,45982.58,13245.00,980.00,217.00,1197.00,1108.51,88.49,106117.00,5539.43,100577.57
99,205,186,19,0,1,0,0,21.35,21.36,46296.33,13311.75,744.00,133.00,877.00,878.11,-1.11,106994.00,5538.32,101455.68
100,169,158,11,3,0,1,0,21.11,20.88,46621.54,13343.73,632.00,77.00,709.00,757.15,-48.15,107703.00,5490.17,102212.83
101,190,177,13,0,0,0,0,20.61,20.71,47025.70,13384.27,708.00,91.00,799.00,821.95,-22.95,108502.00,5467.23,103034.77
102,190,166,24,0,0,0,0,21.76,21.73,47380.95,13473.71,664.00,168.00,832.00,845.71,-13.71,109334.00,5453.52,103880.48
103,243,212,31,0,3,0,1,21.18,21.22,47786.37,13671.97,848.00,217.00,1065.00,1013.47,51.53,110399.00,5505.05,104893.95
104,374,321,53,1,8,0,6,21.00,21.04,48491.46,13980.48,1284.00,371.00,1655.00,1438.27,216.73,112054.00,5721.79,106332.21
105,278,243,35,1,0,0,0,21.12,20.97,48962.65,14196.66,972.00,245.00,1217.00,1122.91,94.09,113271.00,5815.88,107455.12
106,173,158,15,3,0,1,0,20.51,20.49,49305.34,14244.05,632.00,105.00,737.00,777.31,-40.31,114008.00,5775.57,108232.43
107,233,197,36,0,2,0,0,21.32,21.37,49663.22,14401.50,788.00,252.00,1040.00,995.47,44.53,115048.00,5820.11,109227.89
108,179,158,21,0,1,0,0,21.23,21.23,49999.45,14487.61,632.00,147.00,779.00,807.55,-28.55,115827.00,5791.56,110035.44
109,190,179,11,3,1,1,0,20.54,20.55,50350.19,14525.02,716.00,77.00,793.00,817.63,-24.63,116620.00,5766.93,110853.07
110,336,289,47,1,2,0,0,21.27,21.32,51042.60,14707.90,1156.00,329.00,1485.00,1315.87,169.13,118105.00,5936.07,112168.93
111,325,295,30,1,3,0,1,20.25,20.20,51631.20,14987.12,1180.00,210.00,1390.00,1247.47,142.53,119495.00,6078.60,113416.40
112,306,247,59,1,0,0,0,20.36,20.32,52214.81,15459.82,988.00,413.00,1401.00,1255.39,145.61,120896.00,6224.21,114671.79
113,208,182,26,1,0,0,0,21.79,21.74,52585.29,15556.34,728.00,182.00,910.00,901.87,8.13,121806.00,6232.35,115573.65
114,159,154,5,0,1,0,0,20.35,20.46,52923.45,15565.94,616.00,35.00,651.00,715.39,-64.39,122457.00,6167.96,116289.04
115,203,179,24,2,1,0,0,20.48,20.50,53300.67,15660.56,716.00,168.00,884.00,883.15,0.85,123341.00,6168.81,117172.19
116,222,199,23,1,3,0,1,21.74,21.73,53702.82,15711.41,796.00,161.00,957.00,935.71,21.29,124298.00,6190.11,118107.89
117,251,231,20,0,1,0,0,20.53,20.47,54256.80,15805.88,924.00,140.00,1064.00,1012.75,51.25,125362.00,6241.36,119120.64
118,455,354,101,0,9,0,7,21.79,21.84,55089.02,16323.56,1416.00,707.00,2123.00,1775.23,347.77,127485.00,6589.13,120895.87
119,285,255,30,0,0,0,0,21.83,21.81,55572.96,16509.51,1020.00,210.00,1230.00,1132.27,97.73,128715.00,6686.87,122028.13
120,142,141,1,1,1,0,0,20.10,20.07,55863.29,16511.51,564.00,7.00,571.00,657.79,-86.79,129286.00,6600.08,122685.92
121,238,200,38,0,2,0,0,21.79,21.77,56290.83,16648.87,800.00,266.00,1066.00,1014.19,51.81,130352.00,6651.89,123700.11
122,159,156,3,0,0,0,0,19.96,21.90,56591.95,16654.35,624.00,21.00,645.00,711.07,-66.07,130997.00,6585.83,124411.17
123,208,178,30,0,1,0,0,20.78,20.83,57010.54,16756.00,712.00,210.00,922.00,910.51,11.49,131919.00,6597.32,125321.68
124,253,233,20,0,0,0,0,20.00,20.03,57517.24,16861.80,932.00,140.00,1072.00,1018.51,53.49,132991.00,6650.81,126340.19
125,418,340,78,2,1,0,0,20.68,20.69,58239.15,17424.11,1360.00,546.00,1906.00,1618.99,287.01,134897.00,6937.83,127959.17
126,308,264,44,0,1,0,0,20.92,20.93,58910.03,17531.09,1056.00,308.00,1364.00,1228.75,135.25,136261.00,7073.08,129187.92
127,208,184,24,0,0,0,0,21.35,21.31,59316.26,17608.84,736.00,168.00,904.00,897.55,6.45,137165.00,7079.53,130085.47
128,213,193,20,0,1,0,0,21.35,21.43,59667.09,17672.99,772.00,140.00,912.00,903.31,8.69,138077.00,7088.23,130988.77
129,198,174,24,1,2,0,0,21.61,21.64,60034.86,17762.08,696.00,168.00,864.00,868.75,-4.75,138941.00,7083.48,131857.52
130,172,155,17,0,0,0,0,21.57,21.42,60331.63,17821.30,620.00,119.00,739.00,778.75,-39.75,139680.00,7043.73,132636.27
131,295,263,32,0,4,0,2,21.13,21.15,60902.80,17928.66,1052.00,224.00,1276.00,1165.39,110.61,140956.00,7154.35,133801.65
132,344,294,50,2,2,0,0,20.56,20.56,61648.96,18053.19,1176.00,350.00,1526.00,1345.39,180.61,142482.00,7334.96,135147.04
133,338,273,65,0,0,0,0,21.71,21.60,62279.23,18274.20,1092.00,455.00,1547.00,1360.51,186.49,144029.00,7521.45,136507.55
134,202,175,27,1,0,0,0,21.85,21.60,62608.32,18352.62,700.00,189.00,889.00,886.75,2.25,144918.00,7523.71,137394.29
135,190,176,14,0,1,0,0,21.40,21.46,62932.12,18404.57,704.00,98.00,802.00,824.11,-22.11,145720.00,7501.60,138218.40
136,186,174,12,0,1,0,0,20.45,20.46,63306.60,18427.94,696.00,84.00,780.00,808.27,-28.27,146500.00,7473.33,139026.67
137,222,187,35,0,0,0,0,21.17,21.27,63683.20,18562.98,748.00,245.00,993.00,961.63,31.37,147493.00,7504.71,139988.29
138,251,244,7,0,3,0,1,20.29,20.28,64234.11,18593.68,976.00,49.00,1025.00,984.67,40.33,148518.00,7545.04,140972.96
139,436,373,63,0,1,0,0,20.34,20.29,65028.89,18847.48,1492.00,441.00,1933.00,1638.43,294.57,150451.00,7839.61,142611.39
140,323,259,64,0,2,0,0,21.69,21.78,65662.74,19120.02,1036.00,448.00,1484.00,1315.15,168.85,151935.00,8008.47,143926.53
141,234,205,29,1,5,0,3,21.83,21.82,66067.33,19312.17,820.00,203.00,1023.00,983.23,39.77,152958.00,8048.24,144909.76
142,154,142,12,1,3,0,1,20.59,20.58,66368.72,19351.19,568.00,84.00,652.00,716.11,-64.11,153610.00,7984.13,145625.87
143,205,171,34,0,0,0,0,21.47,21.28,66713.80,19446.10,684.00,238.00,922.00,910.51,11.49,154532.00,7995.63,146536.37
144,165,145,20,0,0,0,0,21.06,21.07,67001.33,19515.78,580.00,140.00,720.00,765.07,-45.07,155252.00,7950.56,147301.44
145,309,265,44,1,2,0,0,21.54,21.55,67506.84,19647.54,1060.00,308.00,1368.00,1231.63,136.37,156620.00,8086.93,148533.07
146,344,328,16,0,0,0,0,20.18,20.23,68276.39,19688.62,1312.00,112.00,1424.00,1271.95,152.05,158044.00,8238.99,149805.01
147,313,249,64,1,0,0,0,21.57,21.55,68871.02,19884.05,996.00,448.00,1444.00,1286.35,157.65,159488.00,8396.64,151091.36
148,192,170,22,1,1,0,0,21.59,21.55,69219.60,19992.06,680.00,154.00,834.00,847.15,-13.15,160322.00,8383.49,151938.51
149,178,172,6,1,1,0,0,20.30,20.30,69567.23,20004.25,688.00,42.00,730.00,772.27,-42.27,161052.00,8341.23,152710.77
150,202,163,39,0,0,0,0,21.42,21.22,69897.61,20113.35,652.00,273.00,925.00,912.67,12.33,161977.00,8353.56,153623.44
151,204,185,19,0,0,0,0,21.29,21.19,70295.07,20168.18,740.00,133.00,873.00,875.23,-2.23,162850.00,8351.33,154498.67
152,310,251,59,2,8,0,6,21.40,21.48,70805.47,20401.67,1004.00,413.00,1417.00,1266.91,150.09,164267.00,8501.43,155765.57
153,358,318,40,0,6,0,4,20.66,20.68,71564.61,20902.92,1272.00,280.00,1552.00,1364.11,187.89,165819.00,8689.32,157129.68
154,291,230,61,0,0,0,0,21.20,21.24,72172.17,21172.64,920.00,427.00,1347.00,1216.51,130.49,167166.00,8819.81,158346.19
155,180,165,15,2,1,0,0,20.99,20.98,72524.17,21225.05,660.00,105.00,765.00,797.47,-32.47,167931.00,8787.35,159143.65
156,242,214,28,1,1,0,0,21.88,21.85,72971.70,21342.87,856.00,196.00,1052.00,1004.11,47.89,168983.00,8835.24,160147.76
157,153,146,7,0,1,0,0,20.44,20.59,73315.90,21366.01,584.00,49.00,633.00,702.43,-69.43,169616.00,8765.81,160850.19
158,213,193,20,0,0,0,0,20.32,21.99,73773.50,21455.53,772.00,140.00,912.00,903.31,8.69,170528.00,8774.51,161753.49
159,283,250,33,1,0,0,0,20.71,20.67,74275.08,21606.90,1000.00,231.00,1231.00,1132.99,98.01,171759.00,8872.52,162886.48
160,442,369,73,1,4,0,2,21.23,21.32,75305.87,21920.61,1476.00,511.00,1987.00,1677.31,309.69,173746.00,9182.21,164563.79
161,265,236,29,1,1,0,0,20.73,20.65,75800.57,22039.62,944.00,203.00,1147.00,1072.51,74.49,174893.00,9256.71,165636.29
162,215,193,22,0,0,0,0,20.40,20.50,76174.65,22110.97,772.00,154.00,926.00,913.39,12.61,175819.00,9269.32,166549.68
163,237,201,36,1,0,0,0,21.69,21.63,76543.80,22214.00,804.00,252.00,1056.00,1006.99,49.01,176875.00,9318.33,167556.67
164,195,182,13,0,0,0,0,21.84,21.71,76874.08,22252.28,728.00,91.00,819.00,836.35,-17.35,177694.00,9300.99,168393.01
165,195,179,16,0,0,0,0,21.34,21.35,77273.28,22289.43,716.00,112.00,828.00,842.83,-14.83,178522.00,9286.16,169235.84
166,292,254,38,2,0,0,0,20.83,20.80,77792.45,22385.83,1016.00,266.00,1282.00,1169.71,112.29,179804.00,9398.45,170405.55
167,438,346,92,1,0,0,0,21.97,21.85,78559.24,22840.27,1384.00,644.00,2028.00,1706.83,321.17,181832.00,9719.63,172112.37
168,270,253,17,0,1,0,0,21.88,21.85,79226.15,22901.14,1012.00,119.00,1131.00,1060.99,70.01,182963.00,9789.64,173173.36
169,206,171,35,0,0,0,0,21.91,21.95,79591.78,23046.76,684.00,245.00,929.00,915.55,13.45,183892.00,9803.09,174088.91
170,185,170,15,2,0,0,0,21.29,21.16,79955.97,23130.46,680.00,105.00,785.00,811.87,-26.87,184677.00,9776.23,174900.77
171,182,168,14,2,0,0,0,21.14,20.84,80315.74,23176.38,672.00,98.00,770.00,801.07,-31.07,185447.00,9745.16,175701.84
172,203,179,24,0,0,0,0,21.36,21.52,80683.97,23257.13,716.00,168.00,884.00,883.15,0.85,186331.00,9746.01,176584.99
173,319,259,60,0,4,0,2,21.72,21.79,81225.69,23440.14,1036.00,420.00,1456.00,1294.99,161.01,187787.00,9907.03,177879.97
174,364,338,26,1,3,0,1,20.50,20.50,82088.92,23615.27,1352.00,182.00,1534.00,1351.15,182.85,189321.00,10089.88,179231.12
175,301,238,63,0,0,0,0,20.91,20.95,82741.86,23927.42,952.00,441.00,1393.00,1249.63,143.37,190714.00,10233.25,180480.75
176,209,188,21,2,0,0,0,21.84,21.78,83145.24,23967.68,752.00,147.00,899.00,893.95,5.05,191613.00,10238.31,181374.69
177,167,162,5,0,0,0,0,20.27,20.33,83450.60,23982.10,648.00,35.00,683.00,738.43,-55.43,192296.00,10182.88,182113.12
178,200,183,17,0,0,0,0,19.97,21.85,83902.40,24057.09,732.00,119.00,851.00,859.39,-8.39,193147.00,10174.49,182972.51
179,222,187,35,0,1,0,0,21.60,21.63,84258.14,24192.33,748.00,245.00,993.00,961.63,31.37,194140.00,10205.87,183934.13
180,259,243,16,0,1,0,0,20.14,20.41,84781.99,24217.48,972.00,112.00,1084.00,1027.15,56.85,195224.00,10262.72,184961.28
181,439,345,94,0,1,0,0,21.35,21.50,85589.03,24585.88,1380.00,658.00,2038.00,1714.03,323.97,197262.00,10586.69,186675.31
182,298,278,20,0,0,0,0,21.50,21.42,86150.54,24645.71,1112.00,140.00,1252.00,1148.11,103.89,198514.00,10690.59,187823.41
183,158,148,10,2,1,0,0,20.52,20.50,86434.74,24680.11,592.00,70.00,662.00,723.31,-61.31,199176.00,10629.28,188546.72
184,224,182,42,0,0,0,0,21.59,21.57,86797.61,24807.62,728.00,294.00,1022.00,982.51,39.49,200198.00,10668.77,189529.23
185,172,163,9,0,0,0,0,20.57,20.59,87119.62,24829.66,652.00,63.00,715.00,761.47,-46.47,200913.00,10622.31,190290.69
186,174,157,17,0,2,0,0,20.34,20.34,87396.72,24891.61,628.00,119.00,747.00,784.51,-37.51,201660.00,10584.80,191075.20
187,320,270,50,0,1,0,0,21.12,21.09,87939.77,25021.85,1080.00,350.00,1430.00,1276.27,153.73,203090.00,10738.53,192351.47
188,347,318,29,0,0,0,0,19.88,21.98,88719.65,25160.42,1272.00,203.00,1475.00,1308.67,166.33,204565.00,10904.87,193660.13
189,261,218,43,0,0,0,0,19.93,22.00,89173.89,25399.66,872.00,301.00,1173.00,1091.23,81.77,205738.00,10986.64,194751.36
190,238,197,41,0,0,0,0,21.63,21.62,89552.38,25514.71,788.00,287.00,1075.00,1020.67,54.33,206813.00,11040.97,195772.03
191,193,164,29,2,1,0,0,21.98,21.95,89867.42,25609.51,656.00,203.00,859.00,865.15,-6.15,207672.00,11034.83,196637.17
192,168,167,1,1,0,0,0,20.09,21.95,90209.50,25609.68,668.00,7.00,675.00,732.67,-57.67,208347.00,10977.16,197369.84
193,230,197,33,0,0,0,0,20.77,20.79,90658.71,25699.95,788.00,231.00,1019.00,980.35,38.65,209366.00,11015.81,198350.19
194,253,238,15,0,2,0,0,19.98,20.03,91143.79,25731.90,952.00,105.00,1057.00,1007.71,49.29,210423.00,11065.11,199357.89
195,441,337,104,0,0,0,0,21.41,21.33,91963.53,26122.67,1348.00,728.00,2076.00,1741.39,334.61,212499.00,11399.72,201099.28
196,265,241,24,0,1,0,0,20.83,20.84,92409.53,26311.31,964.00,168.00,1132.00,1061.71,70.29,213631.00,11470.01,202160.99
197,209,184,25,3,0,1,0,21.19,21.06,92818.89,26398.63,736.00,175.00,911.00,902.59,8.41,214542.00,11478.43,203063.57
198,154,145,9,1,0,0,0,20.11,20.10,93119.07,26416.98,580.00,63.00,643.00,709.63,-66.63,215185.00,11411.80,203773.20
199,175,149,26,1,0,0,0,20.98,20.91,93425.82,26499.86,596.00,182.00,778.00,806.83,-28.83,215963.00,11382.97,204580.03
200,168,153,15,0,1,0,0,20.48,20.50,93741.70,26538.44,612.00,105.00,717.00,762.91,-45.91,216680.00,11337.07,205342.93
201,295,260,35,0,1,0,0,20.73,20.79,94251.66,26629.77,1040.00,245.00,1285.00,1171.87,113.13,217965.00,11450.20,206514.80
202,414,342,72,1,1,0,0,21.60,21.61,94973.36,26846.01,1368.00,504.00,1872.00,1594.51,277.49,219837.00,11727.69,208109.31
203,231,221,10,1,0,0,0,20.02,21.92,95504.86,26869.86,884.00,70.00,954.00,933.55,20.45,220791.00,11748.15,209042.85
204,197,184,13,5,0,3,0,20.17,20.08,95900.32,26897.75,736.00,91.00,827.00,842.11,-15.11,221618.00,11733.04,209884.96
205,232,201,31,0,0,0,0,21.58,21.66,96330.91,27009.95,804.00,217.00,1021.00,981.79,39.21,222639.00,11772.25,210866.75
206,203,190,13,0,1,0,0,21.00,20.95,96782.61,27058.60,760.00,91.00,851.00,859.39,-8.39,223490.00,11763.87,211726.13
207,208,172,36,2,0,0,0,21.52,21.39,97157.81,27189.67,688.00,252.00,940.00,923.47,16.53,224430.00,11780.40,212649.60
208,305,258,47,1,1,0,0,21.37,21.42,97724.78,27335.78,1032.00,329.00,1361.00,1226.59,134.41,225791.00,11914.81,213876.19
209,377,316,61,1,6,0,4,21.63,21.61,98387.58,27878.77,1264.00,427.00,1691.00,1464.19,226.81,227482.00,12141.63,215340.37
210,278,259,19,0,0,0,0,20.70,20.41,99060.90,27953.94,1036.00,133.00,1169.00,1088.35,80.65,228651.00,12222.28,216428.72
211,213,186,27,0,0,0,0,21.71,21.71,99437.40,28052.87,744.00,189.00,933.00,918.43,14.57,229584.00,12236.85,217347.15
212,186,175,11,3,0,1,0,20.75,20.73,99831.13,28088.05,700.00,77.00,777.00,806.11,-29.11,230361.00,12207.75,218153.25
213,214,193,21,0,0,0,0,20.80,20.81,100221.83,28145.20,772.00,147.00,919.00,908.35,10.65,231280.00,12218.40,219061.60
214,176,163,13,0,3,0,1,20.52,20.76,100575.54,28205.08,652.00,91.00,743.00,781.63,-38.63,232023.00,12179.77,219843.23
215,308,270,38,1,6,0,4,20.99,20.99,101188.73,28402.45,1080.00,266.00,1346.00,1215.79,130.21,233369.00,12309.99,221059.01
216,422,365,57,0,4,0,2,21.16,21.19,102024.26,28686.31,1460.00,399.00,1859.00,1585.15,273.85,235228.00,12583.84,222644.16
217,246,216,30,1,0,0,0,20.31,20.26,102573.02,28784.45,864.00,210.00,1074.00,1019.95,54.05,236302.00,12637.89,223664.11
218,236,216,20,1,0,0,0,21.40,21.03,103062.29,28845.20,864.00,140.00,1004.00,969.55,34.45,237306.00,12672.35,224633.65
219,190,157,33,0,0,0,0,21.28,21.28,103421.25,28909.91,628.00,231.00,859.00,865.15,-6.15,238165.00,12666.20,225498.80
220,187,179,8,0,0,0,0,20.69,20.69,103788.74,28932.75,716.00,56.00,772.00,802.51,-30.51,238937.00,12635.69,226301.31
221,156,145,11,0,0,0,0,20.09,21.82,104141.41,28952.13,580.00,77.00,657.00,719.71,-62.71,239594.00,12572.99,227021.01
222,296,242,54,1,9,0,7,21.22,21.20,104656.69,29233.35,968.00,378.00,1346.00,1215.79,130.21,240940.00,12703.20,228236.80
223,354,312,42,0,1,0,0,20.09,20.09,105343.59,29547.35,1248.00,294.00,1542.00,1356.91,185.09,242482.00,12888.29,229593.71
224,316,263,53,0,0,0,0,20.09,20.07,105955.48,29771.81,1052.00,371.00,1423.00,1271.23,151.77,243905.00,13040.07,230864.93
225,224,198,26,1,0,0,0,20.63,20.61,106351.99,29888.09,792.00,182.00,974.00,947.95,26.05,244879.00,13066.12,231812.88
226,221,195,26,1,1,0,0,21.16,21.11,106853.20,29954.95,780.00,182.00,962.00,939.31,22.69,245841.00,13088.81,232752.19
227,175,159,16,0,0,0,0,21.04,20.89,107165.31,30004.09,636.00,112.00,748.00,785.23,-37.23,246589.00,13051.59,233537.41
228,197,179,18,0,1,0,0,21.23,21.23,107557.20,30071.24,716.00,126.00,842.00,852.91,-10.91,247431.00,13040.68,234390.32
229,235,211,24,0,0,0,0,20.21,20.42,107979.82,30210.48,844.00,168.00,1012.00,975.31,36.69,248443.00,13077.37,235365.63
230,335,297,38,1,4,0,2,20.17,20.15,108640.12,30369.92,1188.00,266.00,1454.00,1293.55,160.45,249897.00,13237.83,236659.17
231,284,233,51,1,1,0,0,20.18,20.19,109164.80,30531.66,932.00,357.00,1289.00,1174.75,114.25,251186.00,13352.08,237833.92
232,256,217,39,2,1,0,0,21.95,21.89,109650.22,30635.60,868.00,273.00,1141.00,1068.19,72.81,252327.00,13424.89,238902.11
233,148,144,4,1,1,0,0,20.42,20.36,109936.51,30649.05,576.00,28.00,604.00,681.55,-77.55,252931.00,13347.35,239583.65
234,203,179,24,0,1,0,0,20.90,20.88,110278.38,30720.10,716.00,168.00,884.00,883.15,0.85,253815.00,13348.20,240466.80
235,205,171,34,0,0,0,0,21.69,21.65,110631.52,30803.50,684.00,238.00,922.00,910.51,11.49,254737.00,13359.69,241377.31
236,239,229,10,0,5,0,3,20.01,20.23,111110.64,30851.67,916.00,70.00,986.00,956.59,29.41,255723.00,13389.11,242333.89
237,471,373,98,1,1,0,0,21.04,21.00,111884.98,31561.82,1492.00,686.00,2178.00,1814.83,363.17,257901.00,13752.28,244148.72
238,265,223,42,0,1,0,0,20.53,20.58,112490.48,31678.79,892.00,294.00,1186.00,1100.59,85.41,259087.00,13837.69,245249.31
239,171,149,22,0,0,0,0,20.00,21.81,112773.06,31772.33,596.00,154.00,750.00,786.67,-36.67,259837.00,13801.03,246035.97
240,236,190,46,0,0,0,0,21.49,21.51,113157.22,31929.02,760.00,322.00,1082.00,1025.71,56.29,260919.00,13857.32,247061.68
241,191,179,12,0,1,0,0,20.69,20.75,113586.54,31959.50,716.00,84.00,800.00,822.67,-22.67,261719.00,13834.65,247884.35
242,183,162,21,0,1,0,0,20.51,20.70,113906.07,32020.62,648.00,147.00,795.00,819.07,-24.07,262514.00,13810.59,248703.41
243,290,260,30,1,6,0,4,20.67,20.73,114508.80,32140.55,1040.00,210.00,1250.00,1146.67,103.33,263764.00,13913.92,249850.08
244,418,340,78,0,1,0,0,21.03,21.01,115343.94,32441.20,1360.00,546.00,1906.00,1618.99,287.01,265670.00,14200.93,251469.07
245,236,208,28,0,0,0,0,19.95,21.97,115837.75,32573.66,832.00,196.00,1028.00,986.83,41.17,266698.00,14242.11,252455.89
246,239,198,41,1,1,0,0,21.97,21.98,116269.99,32718.20,792.00,287.00,1079.00,1023.55,55.45,267777.00,14297.56,253479.44
247,157,148,9,0,0,0,0,20.43,20.35,116567.84,32749.90,592.00,63.00,655.00,718.27,-63.27,268432.00,14234.29,254197.71
248,208,181,27,2,0,0,0,21.09,21.06,116937.07,32816.19,724.00,189.00,913.00,904.03,8.97,269345.00,14243.27,255101.73
249,237,210,27,0,0,0,0,21.63,21.55,117380.74,32929.18,840.00,189.00,1029.00,987.55,41.45,270374.00,14284.72,256089.28
250,292,245,47,0,4,0,2,21.57,21.58,117918.50,33361.44,980.00,329.00,1309.00,1189.15,119.85,271683.00,14404.57,257278.43
251,351,313,38,1,1,0,0,21.25,21.27,118588.60,33560.02,1252.00,266.00,1518.00,1339.63,178.37,273201.00,14582.95,258618.05
252,270,248,22,0,1,0,0,20.60,20.72,119152.05,33607.82,992.00,154.00,1146.00,1071.79,74.21,274347.00,14657.16,259689.84
253,208,187,21,0,1,0,0,21.40,21.35,119538.12,33664.02,748.00,147.00,895.00,891.07,3.93,275242.00,14661.09,260580.91
254,170,163,7,0,0,0,0,20.11,20.01,119869.85,33695.25,652.00,49.00,701.00,751.39,-50.39,275943.00,14610.71,261332.29
255,218,187,31,0,3,0,1,21.18,21.35,120281.81,33803.76,748.00,217.00,965.00,941.47,23.53,276908.00,14634.24,262273.76
256,188,170,18,0,1,0,0,20.46,20.33,120679.06,33887.05,680.00,126.00,806.00,826.99,-20.99,277714.00,14613.25,263100.75
257,275,250,25,0,7,0,5,20.45,20.38,121161.19,34051.09,1000.00,175.00,1175.00,1092.67,82.33,278889.00,14695.59,264193.41
258,437,355,82,1,0,0,0,20.86,20.81,122080.49,34497.44,1420.00,574.00,1994.00,1682.35,311.65,280883.00,15007.24,265875.76
259,269,223,46,0,0,0,0,20.19,20.08,122534.87,34774.94,892.00,322.00,1214.00,1120.75,93.25,282097.00,15100.49,266996.51
260,173,154,19,0,0,0,0,20.11,21.91,122887.12,34836.71,616.00,133.00,749.00,785.95,-36.95,282846.00,15063.55,267782.45
261,247,211,36,0,1,0,0,21.38,21.32,123339.73,34967.92,844.00,252.00,1096.00,1035.79,60.21,283942.00,15123.76,268818.24
262,178,168,10,1,1,0,0,20.22,20.21,123661.95,34992.90,672.00,70.00,742.00,780.91,-38.91,284684.00,15084.85,269599.15
263,235,209,26,1,2,0,0,21.64,21.65,124132.24,35080.88,836.00,182.00,1018.00,979.63,38.37,285702.00,15123.23,270578.77
264,271,246,25,1,8,0,6,20.70,20.71,124642.94,35230.51,984.00,175.00,1159.00,1081.15,77.85,286861.00,15201.08,271659.92
265,422,351,71,0,3,0,1,21.40,21.47,125503.36,35777.67,1404.00,497.00,1901.00,1615.39,285.61,288762.00,15486.69,273275.31
266,248,228,20,0,0,0,0,20.30,20.34,126049.83,35828.51,912.00,140.00,1052.00,1004.11,47.89,289814.00,15534.59,274279.41
267,203,176,27,0,0,0,0,20.64,20.65,126373.62,35949.06,704.00,189.00,893.00,889.63,3.37,290707.00,15537.96,275169.04
268,188,177,11,0,1,0,0,20.63,20.80,126757.99,35965.01,708.00,77.00,785.00,811.87,-26.87,291492.00,15511.09,275980.91
269,209,184,25,1,0,0,0,21.31,21.26,127145.22,36022.21,736.00,175.00,911.00,902.59,8.41,292403.00,15519.51,276883.49
270,162,144,18,1,0,0,0,20.77,20.80,127394.13,36048.11,576.00,126.00,702.00,752.11,-50.11,293105.00,15469.40,277635.60
271,281,236,45,0,4,0,2,21.33,21.36,127952.63,36238.08,944.00,315.00,1259.00,1153.15,105.85,294364.00,15575.25,278788.75
272,365,328,37,1,13,0,11,20.55,20.54,128853.90,36733.26,1312.00,259.00,1571.00,1377.79,193.21,295935.00,15768.47,280166.53
273,347,268,79,1,1,0,0,20.89,20.88,129501.81,37757.58,1072.00,553.00,1625.00,1416.67,208.33,297560.00,15976.80,281583.20
274,197,174,23,0,2,0,0,21.08,21.13,129811.64,37844.12,696.00,161.00,857.00,863.71,-6.71,298417.00,15970.09,282446.91
275,197,177,20,0,0,0,0,20.90,20.71,130152.33,37924.16,708.00,140.00,848.00,857.23,-9.23,299265.00,15960.87,283304.13
276,176,163,13,1,1,0,0,20.74,20.72,130484.78,37976.02,652.00,91.00,743.00,781.63,-38.63,300008.00,15922.24,284085.76
277,145,129,16,0,0,0,0,19.98,21.99,130731.25,38028.40,516.00,112.00,628.00,698.83,-70.83,300636.00,15851.41,284784.59
278,292,254,38,1,2,0,0,20.63,20.62,131209.93,38161.36,1016.00,266.00,1282.00,1169.71,112.29,301918.00,15963.71,285954.29
279,365,302,63,0,2,0,0,20.73,20.73,131872.74,38798.51,1208.00,441.00,1649.00,1433.95,215.05,303567.00,16178.76,287388.24
280,269,225,44,2,1,0,0,21.06,21.05,132408.09,39029.04,900.00,308.00,1208.00,1116.43,91.57,304775.00,16270.33,288504.67
281,186,164,22,1,0,0,0,21.01,20.97,132739.37,39105.92,656.00,154.00,810.00,829.87,-19.87,305585.00,16250.47,289334.53
282,187,160,27,0,0,0,0,21.14,21.07,133093.15,39180.14,640.00,189.00,829.00,843.55,-14.55,306414.00,16235.92,290178.08
283,235,212,23,0,0,0,0,21.70,21.74,133559.99,39227.54,848.00,161.00,1009.00,973.15,35.85,307423.00,16271.77,291151.23
284,213,193,20,2,0,0,0,21.67,21.66,133948.50,39301.63,772.00,140.00,912.00,903.31,8.69,308335.00,16280.47,292054.53
285,274,239,35,1,3,0,1,21.13,21.10,134460.41,39447.15,956.00,245.00,1201.00,1111.39,89.61,309536.00,16370.08,293165.92
286,369,336,33,1,1,0,0,20.20,20.20,135205.29,39582.92,1344.00,231.00,1575.00,1380.67,194.33,311111.00,16564.41,294546.59
287,372,306,66,1,0,0,0,21.60,21.22,136030.16,39855.19,1224.00,462.00,1686.00,1460.59,225.41,312797.00,16789.83,296007.17
288,182,176,6,0,0,0,0,20.60,20.47,136392.06,39881.21,704.00,42.00,746.00,783.79,-37.79,313543.00,16752.04,296790.96
289,191,171,20,1,0,0,0,20.47,20.48,136733.69,39923.96,684.00,140.00,824.00,839.95,-15.95,314367.00,16736.09,297630.91
290,185,167,18,2,0,0,0,20.56,20.35,137087.22,39961.27,668.00,126.00,794.00,818.35,-24.35,315161.00,16711.75,298449.25
291,182,156,26,0,0,0,0,20.33,20.44,137428.78,40046.21,624.00,182.00,806.00,826.99,-20.99,315967.00,16690.76,299276.24
292,261,235,26,0,7,0,5,20.69,20.71,137867.57,40194.80,940.00,182.00,1122.00,1054.51,67.49,317089.00,16758.25,300330.75
293,373,319,54,0,0,0,0,20.18,20.24,138497.49,40456.87,1276.00,378.00,1654.00,1437.55,216.45,318743.00,16974.71,301768.29
294,318,248,70,0,0,0,0,20.96,21.07,139007.94,40860.36,992.00,490.00,1482.00,1313.71,168.29,320225.00,17143.00,303082.00
295,154,145,9,0,0,0,0,19.80,21.97,139295.27,40874.99,580.00,63.00,643.00,709.63,-66.63,320868.00,17076.37,303791.63
296,245,213,32,0,0,0,0,21.47,21.45,139713.37,41004.57,852.00,224.00,1076.00,1021.39,54.61,321944.00,17130.99,304813.01
297,172,157,15,1,0,0,0,21.22,20.93,140027.19,41043.05,628.00,105.00,733.00,774.43,-41.43,322677.00,17089.56,305587.44
298,185,161,24,0,0,0,0,21.01,20.97,140381.98,41137.87,644.00,168.00,812.00,831.31,-19.31,323489.00,17070.25,306418.75
299,259,230,29,1,1,0,0,20.55,20.51,140903.15,41262.15,920.00,203.00,1123.00,1055.23,67.77,324612.00,17138.03,307473.97
300,394,348,46,1,6,0,4,20.13,20.16,141832.30,41479.14,1392.00,322.00,1714.00,1480.75,233.25,326326.00,17371.28,308954.72
301,353,278,75,0,1,0,0,21.19,21.29,142432.90,41800.01,1112.00,525.00,1637.00,1425.31,211.69,327963.00,17582.97,310380.03
302,189,171,18,0,1,0,0,20.58,20.71,142761.71,41841.44,684.00,126.00,810.00,829.87,-19.87,328773.00,17563.11,311209.89
303,223,197,26,1,1,0,0,21.78,21.76,143179.43,41889.38,788.00,182.00,970.00,945.07,24.93,329743.00,17588.04,312154.96
304,169,164,5,1,1,0,0,20.47,20.36,143504.37,41915.42,656.00,35.00,691.00,744.19,-53.19,330434.00,17534.85,312899.15
305,224,198,26,0,0,0,0,20.95,20.84,143874.94,42008.95,792.00,182.00,974.00,947.95,26.05,331408.00,17560.91,313847.09
306,292,243,49,0,0,0,0,21.36,21.39,144454.99,42245.07,972.00,343.00,1315.00,1193.47,121.53,332723.00,17682.44,315040.56
307,415,336,79,1,2,0,0,21.42,21.42,145236.49,42630.02,1344.00,553.00,1897.00,1612.51,284.49,334620.00,17966.93,316653.07
308,296,275,21,0,0,0,0,20.40,20.46,145824.42,42686.00,1100.00,147.00,1247.00,1144.51,102.49,335867.00,18069.43,317797.57
309,226,203,23,0,0,0,0,20.98,21.05,146296.74,42750.61,812.00,161.00,973.00,947.23,25.77,336840.00,18095.20,318744.80
310,219,201,18,1,0,0,0,21.14,20.72,146691.00,42810.80,804.00,126.00,930.00,916.27,13.73,337770.00,18108.93,319661.07
311,210,185,25,1,0,0,0,21.64,21.61,147128.14,42884.50,740.00,175.00,915.00,905.47,9.53,338685.00,18118.47,320566.53
312,170,162,8,0,2,0,0,20.10,20.10,147440.98,42907.56,648.00,56.00,704.00,753.55,-49.55,339389.00,18068.92,321320.08
313,320,247,73,1,2,0,0,21.49,21.48,147937.31,43505.15,988.00,511.00,1499.00,1325.95,173.05,340888.00,18241.97,322646.03
314,396,342,54,0,3,0,1,21.17,21.22,148850.70,43790.07,1368.00,378.00,1746.00,1503.79,242.21,342634.00,18484.19,324149.81
315,287,257,30,0,1,0,0,20.53,20.44,149511.19,43980.59,1028.00,210.00,1238.00,1138.03,99.97,343872.00,18584.16,325287.84
316,201,177,24,0,0,0,0,20.26,20.30,149882.64,44029.69,708.00,168.00,876.00,877.39,-1.39,344748.00,18582.77,326165.23
317,185,164,21,0,1,0,0,20.50,20.49,150249.52,44077.76,656.00,147.00,803.00,824.83,-21.83,345551.00,18560.95,326990.05
318,213,185,28,0,0,0,0,20.68,20.56,150631.27,44163.89,740.00,196.00,936.00,920.59,15.41,346487.00,18576.36,327910.64
319,181,167,14,1,1,0,0,20.20,20.21,150992.86,44229.15,668.00,98.00,766.00,798.19,-32.19,347253.00,18544.17,328708.83
320,313,280,33,0,2,0,0,20.45,20.47,151665.26,44344.61,1120.00,231.00,1351.00,1219.39,131.61,348604.00,18675.79,329928.21
321,399,319,80,0,1,0,0,21.19,21.17,152433.47,44898.68,1276.00,560.00,1836.00,1568.59,267.41,350440.00,18943.20,331496.80
322,337,308,29,0,0,0,0,20.96,20.73,153095.71,44971.02,1232.00,203.00,1435.00,1279.87,155.13,351875.00,19098.33,332776.67
323,192,182,10,0,0,0,0,20.25,20.20,153488.96,45006.80,728.00,70.00,798.00,821.23,-23.23,352673.00,19075.11,333597.89
324,192,169,23,1,0,0,0,20.55,20.30,153845.43,45051.15,676.00,161.00,837.00,849.31,-12.31,353510.00,19062.80,334447.20
325,238,213,25,0,2,0,0,21.14,21.14,154241.55,45145.26,852.00,175.00,1027.00,986.11,40.89,354537.00,19103.69,335433.31
326,178,162,16,3,2,1,0,20.98,21.00,154572.56,45178.35,648.00,112.00,760.00,793.87,-33.87,355297.00,19069.83,336227.17
327,357,297,60,0,3,0,1,21.90,21.91,155256.34,45383.90,1188.00,420.00,1608.00,1404.43,203.57,356905.00,19273.40,337631.60
328,353,305,48,0,8,0,6,21.29,21.43,155920.54,45831.99,1220.00,336.00,1556.00,1366.99,189.01,358461.00,19462.41,338998.59
329,302,261,41,0,1,0,0,21.03,20.99,156499.13,46171.37,1044.00,287.00,1331.00,1204.99,126.01,359792.00,19588.43,340203.57
330,185,171,14,0,0,0,0,20.44,20.54,156811.31,46202.02,684.00,98.00,782.00,809.71,-27.71,360574.00,19560.72,341013.28
331,208,191,17,0,0,0,0,20.29,20.28,157196.65,46237.79,764.00,119.00,883.00,882.43,0.57,361457.00,19561.29,341895.71
332,182,158,24,0,1,0,0,21.04,21.05,157527.45,46319.17,632.00,168.00,800.00,822.67,-22.67,362257.00,19538.63,342718.37
333,212,194,18,0,1,0,0,20.90,20.94,157922.27,46379.50,776.00,126.00,902.00,896.11,5.89,363159.00,19544.52,343614.48
334,299,257,42,0,1,0,0,20.85,20.90,158405.64,46557.78,1028.00,294.00,1322.00,1198.51,123.49,364481.00,19668.01,344812.99
335,381,324,57,1,2,0,0,21.00,21.05,159047.26,46817.09,1296.00,399.00,1695.00,1467.07,227.93,366176.00,19895.95,346280.05
336,323,283,40,0,1,0,0,21.34,21.26,159720.34,46992.76,1132.00,280.00,1412.00,1263.31,148.69,367588.00,20044.64,347543.36
337,199,178,21,1,0,0,0,21.61,21.41,160048.98,47042.68,712.00,147.00,859.00,865.15,-6.15,368447.00,20038.49,348408.51
338,199,179,20,0,0,0,0,21.73,21.57,160396.94,47130.23,716.00,140.00,856.00,862.99,-6.99,369303.00,20031.51,349271.49
339,155,151,4,0,0,0,0,20.36,20.42,160703.27,47143.71,604.00,28.00,632.00,701.71,-69.71,369935.00,19961.80,349973.20
340,207,177,30,1,0,0,0,21.63,21.39,161061.25,47231.77,708.00,210.00,918.00,907.63,10.37,370853.00,19972.17,350880.83
341,292,245,47,1,2,0,0,21.77,21.76,161571.84,47481.16,980.00,329.00,1309.00,1189.15,119.85,372162.00,20092.03,352069.97
342,300,279,21,0,2,0,0,20.24,20.35,162250.17,47553.09,1116.00,147.00,1263.00,1156.03,106.97,373425.00,20199.00,353226.00
343,319,265,54,0,1,0,0,21.20,21.27,162843.90,47754.22,1060.00,378.00,1438.00,1282.03,155.97,374863.00,20354.97,354508.03
344,197,171,26,0,1,0,0,21.92,21.88,163201.58,47819.19,684.00,182.00,866.00,870.19,-4.19,375729.00,20350.79,355378.21
345,177,166,11,0,0,0,0,20.88,20.79,163542.71,47845.70,664.00,77.00,741.00,780.19,-39.19,376470.00,20311.60,356158.40
346,210,185,25,0,0,0,0,20.85,20.81,163913.90,47902.42,740.00,175.00,915.00,905.47,9.53,377385.00,20321.13,357063.87
347,212,183,29,1,1,0,0,21.62,21.58,164273.44,47992.14,732.00,203.00,935.00,919.87,15.13,378320.00,20336.27,357983.73
348,221,214,7,1,3,0,1,20.22,20.20,164703.81,48027.83,856.00,49.00,905.00,898.27,6.73,379225.00,20343.00,358882.00
349,476,352,124,1,1,0,0,21.94,21.90,165574.12,49412.36,1408.00,868.00,2276.00,1885.39,390.61,381501.00,20733.61,360767.39
350,226,220,6,0,0,0,0,19.96,20.21,166075.66,49435.39,880.00,42.00,922.00,910.51,11.49,382423.00,20745.11,361677.89
351,203,171,32,1,0,0,0,21.08,21.03,166446.25,49520.74,684.00,224.00,908.00,900.43,7.57,383331.00,20752.68,362578.32
352,235,211,24,1,1,0,0,21.41,21.42,166884.58,49619.57,844.00,168.00,1012.00,975.31,36.69,384343.00,20789.37,363553.63
353,179,160,19,1,0,0,0,20.56,20.49,167243.34,49660.22,640.00,133.00,773.00,803.23,-30.23,385116.00,20759.15,364356.85
354,149,135,14,0,1,0,0,20.11,20.17,167501.41,49694.58,540.00,98.00,638.00,706.03,-68.03,385754.00,20691.12,365062.88
355,354,268,86,0,1,0,0,21.66,21.76,168029.36,50066.24,1072.00,602.00,1674.00,1451.95,222.05,387428.00,20913.17,366514.83
356,297,283,14,0,0,0,0,20.00,20.03,168713.86,50103.49,1132.00,98.00,1230.00,1132.27,97.73,388658.00,21010.91,367647.09
357,337,278,59,0,2,0,0,20.13,20.08,169284.29,50464.46,1112.00,413.00,1525.00,1344.67,180.33,390183.00,21191.24,368991.76
358,221,197,24,2,1,0,0,21.34,21.29,169686.52,50540.68,788.00,168.00,956.00,934.99,21.01,391139.00,21212.25,369926.75
359,178,161,17,1,0,0,0,20.85,20.77,170071.88,50579.23,644.00,119.00,763.00,796.03,-33.03,391902.00,21179.23,370722.77
360,203,175,28,0,1,0,0,21.16,21.10,170438.26,50676.93,700.00,196.00,896.00,891.79,4.21,392798.00,21183.44,371614.56
361,195,174,21,0,1,0,0,21.85,21.80,170769.79,50729.31,696.00,147.00,843.00,853.63,-10.63,393641.00,21172.81,372468.19
362,266,239,27,2,4,0,2,21.19,21.09,171337.70,50940.51,956.00,189.00,1145.00,1071.07,73.93,394786.00,21246.75,373539.25
363,370,340,30,0,7,0,5,20.42,20.52,172176.63,51133.36,1360.00,210.00,1570.00,1377.07,192.93,396356.00,21439.68,374916.32
364,314,263,51,0,0,0,0,21.18,21.14,172757.28,51318.44,1052.00,357.00,1409.00,1261.15,147.85,397765.00,21587.53,376177.47
365,201,191,10,0,0,0,0,21.17,21.05,173161.67,51339.81,764.00,70.00,834.00,847.15,-13.15,398599.00,21574.39,377024.61
